<?xml version="1.0" encoding="UTF-8"?>
<!DOCTYPE mapper PUBLIC "-//mybatis.org//DTD Mapper 3.0//EN" "http://mybatis.org/dtd/mybatis-3-mapper.dtd">
<mapper namespace="com.dwyingyuan.retry.mapper.RetryMapper">

    <resultMap id="BaseResultMap" type="com.dwyingyuan.retry.model.entity.Retry">
        <id column="id" jdbcType="BIGINT" property="id"/>
        <result column="retry_times" jdbcType="INTEGER" property="retryTimes"/>
        <result column="status" jdbcType="INTEGER" property="status"/>
        <result column="created_by" jdbcType="VARCHAR" property="createdBy"/>
        <result column="created_on" jdbcType="TIMESTAMP" property="createdOn"/>
        <result column="updated_by" jdbcType="VARCHAR" property="updatedBy"/>
        <result column="updated_on" jdbcType="TIMESTAMP" property="updatedOn"/>
        <result column="is_deleted" jdbcType="TINYINT" property="isDeleted"/>
        <result column="class_info" jdbcType="LONGVARCHAR" property="classInfo"/>
        <result column="memo" jdbcType="LONGVARCHAR" property="memo"/>
    </resultMap>

    <sql id="Base_Column_List">
        `id`, `retry_times`, `status`, `created_by`, `created_on`, `updated_by`, `updated_on`,
        `is_deleted`,`class_info`, `memo`
    </sql>

    <select id="selectByPrimaryKey" parameterType="java.lang.Long" resultMap="BaseResultMap">
        select
        <include refid="Base_Column_List"/>
        from retry
        where `id` = #{id,jdbcType=BIGINT}
    </select>

    <insert id="insert" keyColumn="id" keyProperty="id" parameterType="com.dwyingyuan.retry.model.entity.Retry"
            useGeneratedKeys="true">
        insert into retry (
        `retry_times`,
        `status`,
        `created_by`,
        `created_on`,
        `updated_by`,
        `updated_on`,
        `is_deleted`,
        `class_info`,
        `memo`
        )
        values (
        #{retryTimes},
        #{status},
        #{createdBy},
        now(),
        #{updatedBy},
        now(),
        0,
        #{classInfo},
        #{memo}
        )
    </insert>

    <update id="updateByPrimaryKey" parameterType="com.dwyingyuan.retry.model.entity.Retry">
        update retry
        set `retry_times` = #{retryTimes,jdbcType=INTEGER},
        `status` = #{status,jdbcType=INTEGER},
        `created_by` = #{createdBy,jdbcType=VARCHAR},
        `created_on` = #{createdOn,jdbcType=TIMESTAMP},
        `updated_by` = #{updatedBy,jdbcType=VARCHAR},
        `updated_on` = #{updatedOn,jdbcType=TIMESTAMP},
        `is_deleted` = #{isDeleted,jdbcType=TINYINT}
        where `id` = #{id,jdbcType=BIGINT}
    </update>

    <select id="findNeedRetryList" resultMap="BaseResultMap" parameterType="map">
        select
        <include refid="Base_Column_List"/>
        from retry
        <![CDATA[
        WHERE id>#{maxId}
        AND retry_times < #{maxRetryTimes}
        AND status = 0
        AND is_deleted = 0
        ORDER BY id ASC
        LIMIT #{limit};
        ]]>
    </select>

</mapper>